í≤ç∏îÕàÕ,óßñÿî‘çÜ,ãπçÇíºåa[cm],2cmäáñÒãπçÇíºåa[cm],é˜çÇ[m],ñÓçÇ[cm],çﬁêœ[m3],2cmäáñÒçﬁêœ[m3],ÉoÉCÉIÉ}ÉX[kg],ÉoÉCÉIÉ}ÉXÅi2cmäáñÒÅj[kg],é˜éÌ,ÉXÉeÅ[É^ÉX,ä‘î∞,Éå,ã´äEñÿ,èúäO,ÉtÉBÉãÉ^,ÉRÉÅÉìÉg,ä≤é¸[cm],X,Y,Z,ID,åoìxÅiê¢äEë™ínånÅj,à‹ìxÅiê¢äEë™ínånÅj,ïΩX[m]Åiê¢äEë™ínånÅj,ïΩY[m]Åiê¢äEë™ínånÅj,åoìxÅiì˙ñ{ë™ínånÅj,à‹ìxÅiì˙ñ{ë™ínånÅj,ïΩX[m]Åiì˙ñ{ë™ínånÅj,ïΩY[m]Åiì˙ñ{ë™ínånÅj,é˜ä•îºåa[m],ä‘î∞óvî€
Åõ,10,25.4,26,20.6,0.8,0.5051,0.5274,243.88,254.64,ÉXÉM,ê∂óßñÿ,,,,,,,79.7,-5.38,-2.43,-4.7,50,139.1353258,35.72901642,-29839.772,-63143.723,139.6257311,35.2563251,-30194.809,-62852.939,4.1,-
Åõ,11,26.6,26,20.6,1.5,0.5501,0.5274,265.62,254.64,ÉXÉM,ê∂óßñÿ,,,,,,,83.5,-5.52,-11.42,-4.71,61,139.135311,35.72893633,-29848.648,-63145.123,139.6257312,35.2563252,-30203.685,-62854.338,4.2,-
Åõ,12,32.8,32,22.3,1.4,0.8745,0.8335,422.21,402.42,ÉXÉM,ê∂óßñÿ,,,,,,,103,-7.32,-12.66,-5.63,60,139.1352894,35.72892741,-29849.623,-63147.084,139.6257313,35.2563253,-30204.661,-62856.3,4.8,-
Åõ,13,32.1,32,22.8,0.8,0.8554,0.8502,412.98,410.48,ÉXÉM,ê∂óßñÿ,,,,,,,100.8,-11.69,-20.04,-7.2,116,139.1352307,35.72886668,-29856.323,-63152.443,139.6257314,35.2563254,-30211.361,-62861.658,4.7,-
Åõ,14,54.3,54,21.6,1.3,1.948,1.9308,940.46,932.16,ÉXÉM,ê∂óßñÿ,,,,,,,170.5,-11.05,-18.35,-7.05,59,139.1352403,35.72888107,-29854.732,-63151.567,139.6257315,35.2563255,-30209.771,-62860.783,6.5,-
Åõ,15,19.9,20,22.6,0.3,0.3531,0.3564,170.51,172.1,ÉXÉM,ê∂óßñÿ,,,,,,,62.5,-11.92,-16.82,-8.17,98,139.135233,35.72889575,-29853.099,-63152.214,139.6257316,35.2563256,-30208.137,-62861.43,3.5,-
Åõ,16,47.5,48,27,1,1.9991,2.0328,965.11,981.42,ÉXÉM,ê∂óßñÿ,,,,,,,149.2,-12.33,-12.2,-8.77,55,139.1352353,35.72893752,-29848.467,-63151.972,139.6257317,35.2563257,-30203.505,-62861.187,6,-
Åõ,17,31.7,32,24.2,0.7,0.8805,0.8968,425.11,432.96,ÉXÉM,ê∂óßñÿ,,,,,,,99.5,-10.57,-10.69,-7.86,56,139.1352568,35.72894891,-29847.217,-63150.016,139.6257318,35.2563258,-30202.255,-62859.231,4.7,-
Åõ,18,37.7,38,25.4,1.6,1.288,1.308,621.83,631.48,ÉXÉM,ê∂óßñÿ,,,,,,,118.4,-11.79,-6.68,-8.75,51,139.1352493,35.72898619,-29843.076,-63150.67,139.6257319,35.2563259,-30198.114,-62859.886,5.2,-
Åõ,19,44.3,44,23.4,1.3,1.5329,1.5164,740.08,732.08,ÉXÉM,ê∂óßñÿ,,,,,,,139.1,-10.05,-4.84,-7.41,95,139.1352711,35.72900057,-29841.495,-63148.688,139.625732,35.256326,-30196.533,-62857.903,5.8,-
Åõ,20,39.6,40,24.8,0.1,1.3872,1.4146,669.72,682.94,ÉXÉM,ê∂óßñÿ,,,,,,,124.4,-12.42,-0.74,-8.07,43,139.1352512,35.72904003,-29837.104,-63150.454,139.6257321,35.2563261,-30192.142,-62859.67,5.4,-
Åõ,21,21,22,21.7,1.5,0.3744,0.4081,180.79,197.03,ÉXÉM,ê∂óßñÿ,,,,,,,65.9,-13.36,-8.78,-9.77,52,139.135229,35.72896929,-29844.938,-63152.518,139.6257322,35.2563262,-30199.976,-62861.734,3.7,-
Åõ,22,44.2,44,20.4,0.6,1.3179,1.3083,636.26,631.66,ÉXÉM,ê∂óßñÿ,,,,,,,138.8,-15.43,-19.48,-9.87,57,139.1351906,35.72887619,-29855.242,-63156.068,139.6257323,35.2563263,-30210.28,-62865.284,5.7,-
Åõ,23,33.5,34,25.1,1.5,1.0129,1.0425,489.01,503.3,ÉXÉM,ê∂óßñÿ,,,,,,,105.2,-16.03,-14.3,-11.01,54,139.1351917,35.72892321,-29850.027,-63155.928,139.6257324,35.2563264,-30205.064,-62865.144,4.9,-
Åõ,24,23,24,16.3,1.4,0.332,0.3592,160.31,173.44,ÉXÉM,ê∂óßñÿ,,,,,,,72.2,-13.32,-4.96,-9.46,49,139.1352351,35.72900341,-29841.156,-63151.938,139.6257325,35.2563265,-30196.194,-62861.154,3.9,-
Åõ,25,28.8,28,24.9,0.5,0.7715,0.7323,372.46,353.55,ÉXÉM,ê∂óßñÿ,,,,,,,90.4,-15.51,-3.84,-10.48,48,139.1352127,35.72901606,-29839.738,-63153.95,139.6257326,35.2563266,-30194.777,-62863.166,4.4,-
Åõ,26,33.1,34,25.6,2.8,1.0071,1.061,486.23,512.27,ÉXÉM,ê∂óßñÿ,,,,,,,103.9,-13.87,-2.95,-9.38,46,139.1352321,35.72902196,-29839.097,-63152.198,139.6257327,35.2563267,-30194.134,-62861.414,4.8,-
Åõ,27,22.5,22,23.6,5.1,0.463,0.4441,223.53,214.43,ÉXÉM,ê∂óßñÿ,,,,,,,70.6,-15.82,-1.88,-10.48,44,139.1352122,35.72903388,-29837.761,-63153.984,139.6257328,35.2563268,-30192.799,-62863.2,3.8,-
Åõ,31,20.6,20,12.6,6.2,0.2089,0.1978,100.86,95.49,ÉXÉM,ê∂óßñÿ,,,,,,,64.7,-18.88,-2.06,-12.25,165,139.1351785,35.72903599,-29837.505,-63157.034,139.6257329,35.2563269,-30192.543,-62866.25,3.6,-
Åõ,32,27.8,28,21.2,2.8,0.6145,0.6227,296.66,300.62,ÉXÉM,ê∂óßñÿ,,,,,,,87.3,-18.17,-4.12,-12.24,47,139.1351832,35.72901667,-29839.652,-63156.622,139.625733,35.256327,-30194.69,-62865.838,4.3,-
Åõ,33,30.5,30,23.2,2,0.7988,0.7747,385.64,374.03,ÉXÉM,ê∂óßñÿ,,,,,,,95.8,-19.55,-4.52,-13.17,111,139.1351675,35.72901483,-29839.845,-63158.045,139.6257331,35.2563271,-30194.884,-62867.26,4.6,-
Åõ,34,22.2,22,19.2,0.6,0.3668,0.3607,177.1,174.16,ÉXÉM,ê∂óßñÿ,,,,,,,69.7,-18.82,-8.27,-13.32,142,139.1351699,35.7289804,-29843.667,-63157.855,139.6257332,35.2563272,-30198.705,-62867.07,3.8,-
Åõ,35,20.4,20,21.7,1.4,0.3549,0.3421,171.35,165.19,ÉXÉM,ê∂óßñÿ,,,,,,,64,-17.22,-10.06,-12.16,112,139.1351848,35.72896248,-29845.665,-63156.517,139.6257333,35.2563273,-30200.703,-62865.733,3.6,-
Åõ,36,21.4,22,20.6,1.1,0.3679,0.3872,177.64,186.96,ÉXÉM,ê∂óßñÿ,,,,,,,67.2,-18.97,-11.81,-13.35,113,139.1351631,35.72894897,-29847.15,-63158.493,139.6257334,35.2563274,-30202.188,-62867.709,3.7,-
Åõ,37,48.3,48,22.9,2.4,1.7337,1.714,1876.86,1855.53,çLóté˜,ê∂óßñÿ,,,,,,,151.7,-19.28,-13.38,-13.1,53,139.1351574,35.7289353,-29848.663,-63159.02,139.6257335,35.2563275,-30203.701,-62868.236,-,-
Åõ,38,36.6,36,22.9,3.5,1.1083,1.0732,535.06,518.14,ÉXÉM,ê∂óßñÿ,,,,,,,114.9,-19.77,-20.05,-12.72,97,139.1351422,35.72887632,-29855.196,-63160.446,139.6257336,35.2563276,-30210.235,-62869.661,5.1,-
Åõ,39,52.9,52,25.7,1.8,2.2522,2.1912,1087.31,1057.87,ÉXÉM,ê∂óßñÿ,,,,,,,166.1,-22.48,-19.6,-14.65,96,139.1351131,35.72888364,-29854.365,-63163.066,139.6257337,35.2563277,-30209.404,-62872.283,6.4,-
Åõ,40,38.7,38,27.9,0.8,1.474,1.4226,711.63,686.82,ÉXÉM,ê∂óßñÿ,,,,,,,121.5,-22.58,-3.68,-14.32,45,139.1351355,35.72902597,-29838.59,-63160.931,139.6257338,35.2563278,-30193.627,-62870.147,5.3,-
Åõ,41,29.4,30,26.4,1.9,0.8501,0.8825,410.44,426.06,ÉXÉM,ê∂óßñÿ,,,,,,,92.3,-23.21,-1.54,-14.23,94,139.1351318,35.72904577,-29836.39,-63161.253,139.6257339,35.2563279,-30191.428,-62870.469,4.5,-
Åõ,-1,44.4,44,16.2,0.8,1.0382,1.0211,501.23,492.97,ÉXÉM,ê∂óßñÿ,,,,,,,139.4,-24.62,-12.88,-16.26,114,139.1350996,35.72894618,-29847.419,-63164.238,139.625734,35.256328,-30202.457,-62873.454,5.8,-
,1,14,14,14.1,5.3,0.1145,0.1145,55.3,55.3,ÉXÉM,ê∂óßñÿ,,,,,,,43.9,-1.67,2.55,-1.59,25,139.1353738,35.72905645,-29835.361,-63139.353,139.6257341,35.2563281,-30190.399,-62848.568,2.9,-
,2,25.5,26,23.5,2,0.5811,0.6023,280.54,290.8,ÉXÉM,ê∂óßñÿ,,,,,,,80.1,-1.93,-8,-2.88,64,139.1353554,35.72896253,-29845.769,-63141.09,139.6257342,35.2563282,-30200.807,-62850.305,4.1,-
,3,25.5,26,20.3,1.8,0.5013,0.5197,242.05,250.9,ÉXÉM,ê∂óßñÿ,,,,,,,80.1,-2.98,-13.11,-2.9,110,139.1353363,35.72891815,-29850.681,-63142.849,139.6257343,35.2563283,-30205.719,-62852.065,4.1,-
,4,15.9,16,12.9,2,0.1325,0.134,63.97,64.72,ÉXÉM,ê∂óßñÿ,,,,,,,49.9,-2.36,-15.32,-2.18,67,139.1353398,35.72889765,-29852.957,-63142.546,139.6257344,35.2563284,-30207.995,-62851.762,3.1,-
,5,44.1,44,15.8,3.7,0.9758,0.9718,1056.45,1052.06,çLóté˜,ê∂óßñÿ,,,,,,,138.5,-3.08,-20.3,-1.02,101,139.1353247,35.72885402,-29857.788,-63143.95,139.6257345,35.2563285,-30212.826,-62853.165,-,-
,6,49.5,50,24.7,1.2,1.9405,1.9719,936.82,952.01,ÉXÉM,ê∂óßñÿ,,,,,,,155.5,-4.76,-6.33,-4.33,58,139.1353268,35.72898088,-29843.715,-63143.656,139.6257346,35.2563286,-30198.753,-62852.872,6.2,-
,7,21,22,17.4,2.5,0.2997,0.3266,144.7,157.7,ÉXÉM,ê∂óßñÿ,,,,,,,65.9,-5.89,2.69,-3.91,37,139.1353278,35.7290628,-29834.627,-63143.507,139.6257347,35.2563287,-30189.665,-62852.723,3.7,-
,8,39.5,40,24.8,3.8,1.3804,1.4146,666.44,682.94,ÉXÉM,ê∂óßñÿ,,,,,,,124,-4.66,1.3,-3.58,39,139.1353391,35.72904891,-29836.175,-63142.492,139.6257348,35.2563288,-30191.213,-62851.708,5.4,-
,9,36.3,36,25.9,1.5,1.2177,1.1982,587.88,578.48,ÉXÉM,ê∂óßñÿ,,,,,,,114,-6.81,0.87,-4.78,41,139.1353149,35.72904763,-29836.301,-63144.68,139.6257349,35.2563289,-30191.34,-62853.895,5.1,-
,28,33.8,34,25,1.4,1.0269,1.0388,495.79,501.51,ÉXÉM,ê∂óßñÿ,,,,,,,106.1,-13.66,0.65,-8.38,42,139.1352397,35.72905392,-29835.555,-63151.486,139.625735,35.256329,-30190.593,-62860.702,4.9,-
,29,18.8,18,18.6,1.8,0.2612,0.241,126.12,116.38,ÉXÉM,ê∂óßñÿ,,,,,,,59,-15.53,3.74,-8.27,40,139.1352237,35.72908378,-29832.233,-63152.907,139.6257351,35.2563291,-30187.27,-62862.123,3.4,-
,30,16.4,16,21.6,3.8,0.2359,0.2254,113.91,108.83,ÉXÉM,ê∂óßñÿ,,,,,,,51.5,-19.42,1.14,-11.32,138,139.1351773,35.72906518,-29834.266,-63157.12,139.6257352,35.2563292,-30189.304,-62866.336,3.1,-
,42,42.1,42,24.9,0.8,1.5106,1.5048,729.29,726.52,ÉXÉM,ê∂óßñÿ,,,,,,,132.2,-22.77,1.06,-13,93,139.1351404,35.72906852,-29833.872,-63160.454,139.6257353,35.2563293,-30188.91,-62869.67,5.6,-
,43,41.6,42,22.6,1.3,1.2993,1.3223,1406.59,1431.5,çLóté˜,ê∂óßñÿ,,,,,,,130.6,-20.59,2.9,-11,139,139.135167,35.72908229,-29832.361,-63158.037,139.6257354,35.2563294,-30187.399,-62867.252,-,-
,-1,34.4,34,19.3,3.4,0.8439,0.824,407.43,397.85,ÉXÉM,ê∂óßñÿ,,,,,,,108,-17.84,9.34,-6.64,36,139.1352066,35.72913657,-29826.365,-63154.409,139.6257355,35.2563295,-30181.403,-62863.624,4.9,-
,-1,24.2,24,16.1,1,0.3603,0.3548,173.94,171.29,ÉXÉM,ê∂óßñÿ,,,,,,,76,-21.25,11.97,-6.84,35,139.1351731,35.72916418,-29823.28,-63157.416,139.6257356,35.2563296,-30178.318,-62866.631,4,-
,-1,18.1,18,14.9,2.4,0.196,0.1927,94.66,93.06,ÉXÉM,ê∂óßñÿ,,,,,,,56.8,-7.39,6.65,-3.03,32,139.1353171,35.7291,-29830.493,-63144.441,139.6257357,35.2563297,-30185.531,-62853.657,3.3,-
,-1,17.7,18,14.7,1,0.1849,0.1901,89.29,91.8,ÉXÉM,ê∂óßñÿ,,,,,,,55.6,-11.21,9.05,-3.82,33,139.1352789,35.72912603,-29827.58,-63147.882,139.6257358,35.2563298,-30182.618,-62857.098,3.3,-
,-1,57.1,58,24.4,2,2.4073,2.4679,1162.19,1191.44,ÉXÉM,ê∂óßñÿ,,,,,,,179.3,-9.13,4.1,-4.88,38,139.1352943,35.72907926,-29832.779,-63146.521,139.6257359,35.2563299,-30187.817,-62855.737,6.7,-
,-1,31.8,32,23,1.5,0.8473,0.8569,409.06,413.7,ÉXÉM,ê∂óßñÿ,,,,,,,99.9,-8.65,8.18,-2.87,31,139.1353056,35.72911516,-29828.804,-63145.468,139.625736,35.25633,-30183.842,-62854.684,4.7,-
,-1,19,20,13.7,5.5,0.1975,0.2152,95.38,103.9,ÉXÉM,ê∂óßñÿ,,,,,,,59.6,-6.19,-22.25,-2.74,65,139.1352878,35.72884036,-29859.28,-63147.303,139.6257361,35.2563301,-30214.318,-62856.519,3.4,-
,-1,43.8,44,17,1.1,1.0693,1.0754,516.25,519.2,ÉXÉM,ê∂óßñÿ,,,,,,,137.6,-4.6,-24.8,-0.41,66,139.1353013,35.72881565,-29862.03,-63146.093,139.6257362,35.2563302,-30217.068,-62855.309,5.7,-
,-1,13.7,14,11.5,6.1,0.0904,0.0932,43.67,45.03,ÉXÉM,ê∂óßñÿ,,,,,,,43,-11.41,13.59,-1.23,28,139.1352833,35.72916675,-29823.065,-63147.445,139.6257363,35.2563303,-30178.104,-62856.661,2.8,-
,-1,24.1,24,17.9,1.6,0.3983,0.3948,192.32,190.6,ÉXÉM,ê∂óßñÿ,,,,,,,75.7,-1.63,-13.58,-1.9,68,139.1353504,35.72891239,-29851.329,-63141.577,139.6257364,35.2563304,-30206.367,-62850.793,4,-
,-1,19.6,20,14,1.5,0.2138,0.2199,103.22,106.19,ÉXÉM,ê∂óßñÿ,,,,,,,61.5,-8.2,-22.92,-3.95,63,139.1352647,35.72883679,-29859.661,-63149.389,139.6257365,35.2563305,-30214.699,-62858.605,3.5,-
,-1,35.7,36,18.5,0.9,0.8761,0.8867,422.98,428.08,ÉXÉM,ê∂óßñÿ,,,,,,,112.1,-3.01,4.38,-1.58,26,139.1353617,35.72907442,-29833.359,-63140.426,139.6257366,35.2563306,-30188.398,-62849.641,5,-
,-1,34.1,34,19.1,0.9,0.8216,0.8164,396.65,394.16,ÉXÉM,ê∂óßñÿ,,,,,,,107.1,-0.71,-10.2,-1.81,69,139.1353656,35.72894147,-29848.113,-63140.185,139.6257367,35.2563307,-30203.15,-62849.401,4.9,-
,-1,28.3,28,17.7,1.8,0.5307,0.5191,256.23,250.63,ÉXÉM,ê∂óßñÿ,,,,,,,88.9,0.72,-10.96,-0.81,72,139.13538,35.72893291,-29849.072,-63138.881,139.6257368,35.2563308,-30204.109,-62848.097,4.4,-
,-1,30,30,19.7,0.9,0.6608,0.657,319.02,317.18,ÉXÉM,ê∂óßñÿ,,,,,,,94.2,-3.73,9.86,0.78,22,139.1353619,35.72912427,-29827.829,-63140.368,139.6257369,35.2563309,-30182.867,-62849.583,4.5,-
,-1,47.8,48,15,1.7,1.0765,1.0804,519.73,521.61,ÉXÉM,ê∂óßñÿ,,,,,,,150.1,4.32,-14.67,2.79,74,139.135414,35.7288955,-29853.243,-63135.837,139.625737,35.256331,-30208.282,-62845.053,6,-
,-1,34.7,34,19.3,1.9,0.8589,0.824,414.68,397.85,ÉXÉM,ê∂óßñÿ,,,,,,,109,2.97,-7.67,0.33,76,139.1354096,35.7289596,-29846.129,-63136.188,139.6257371,35.2563311,-30201.167,-62845.403,5,-
,-1,35.9,36,18.1,0.9,0.8673,0.8695,418.72,419.79,ÉXÉM,ê∂óßñÿ,,,,,,,112.7,3.15,-5.68,0.31,77,139.1354145,35.72897717,-29844.183,-63135.73,139.6257372,35.2563312,-30199.221,-62844.945,5.1,-
,-1,19.5,20,16.2,3.2,0.2452,0.2548,118.41,123.03,ÉXÉM,ê∂óßñÿ,,,,,,,61.2,3.2,-4.04,0.29,79,139.1354174,35.72899175,-29842.568,-63135.452,139.6257373,35.2563313,-30197.605,-62844.668,3.5,-
,-1,35.9,36,16.6,0.7,0.8031,0.8047,387.72,388.52,ÉXÉM,ê∂óßñÿ,,,,,,,112.7,6.28,-6.33,2.41,80,139.1354478,35.72896765,-29845.261,-63132.723,139.6257374,35.2563314,-30200.299,-62841.939,5.1,-
,-1,40.4,40,23.1,1.1,1.3543,1.3275,653.84,640.89,ÉXÉM,ê∂óßñÿ,,,,,,,126.9,0.94,-0.74,-0.72,81,139.1353975,35.72902396,-29838.98,-63137.228,139.6257375,35.2563315,-30194.019,-62846.444,5.4,-
,-1,42.3,42,18.5,0.4,1.1096,1.0933,535.7,527.83,ÉXÉM,ê∂óßñÿ,,,,,,,132.8,6.75,-1.43,2.86,83,139.1354601,35.72901084,-29840.476,-63131.578,139.6257376,35.2563316,-30195.515,-62840.794,5.6,-
,-1,16.1,16,12,1.2,0.1261,0.1246,60.91,60.17,ÉXÉM,ê∂óßñÿ,,,,,,,50.5,4.98,-2.07,1.51,85,139.1354398,35.72900725,-29840.862,-63133.414,139.6257377,35.2563317,-30195.9,-62842.63,3.1,-
,-1,39.7,40,15.7,1.9,0.9293,0.9396,448.65,453.64,ÉXÉM,ê∂óßñÿ,,,,,,,124.7,-14.5,10.86,-4.21,89,139.1352454,35.72914616,-29825.326,-63150.89,139.6257378,35.2563318,-30180.364,-62860.106,5.4,-
,-1,31.9,32,15.3,4.5,0.5942,0.595,286.91,287.26,ÉXÉM,ê∂óßñÿ,,,,,,,100.2,0.71,-22.1,2.3,71,139.1353636,35.72883346,-29860.094,-63140.447,139.6257379,35.2563319,-30215.132,-62849.663,4.7,-
,-1,39.8,40,22.3,1.9,1.2766,1.2863,616.32,621,ÉXÉM,ê∂óßñÿ,,,,,,,125,-14.27,4.6,-7.21,91,139.1352387,35.72908992,-29831.561,-63151.541,139.625738,35.256332,-30186.599,-62860.757,5.4,-
,-1,40.5,40,22.4,2.5,1.3243,1.2914,639.37,623.49,ÉXÉM,ê∂óßñÿ,,,,,,,127.2,-23.12,7.5,-10,92,139.1351461,35.72912649,-29827.444,-63159.896,139.6257381,35.2563321,-30182.482,-62869.112,5.5,-
,-1,20.1,20,21.2,2,0.3398,0.3342,164.07,161.35,ÉXÉM,ê∂óßñÿ,,,,,,,63.1,-16.14,8.12,-6.59,90,139.1352234,35.72912364,-29827.81,-63152.899,139.6257382,35.2563322,-30182.848,-62862.115,3.6,-
,-1,41.8,42,17.8,2.5,1.0415,1.0489,502.83,506.39,ÉXÉM,ê∂óßñÿ,,,,,,,131.3,-2.11,12.03,2.99,21,139.1353829,35.72914174,-29825.905,-63138.457,139.6257383,35.2563323,-30180.942,-62847.673,5.6,-
,-1,44.8,44,19.7,0.4,1.2971,1.2601,626.24,608.38,ÉXÉM,ê∂óßñÿ,,,,,,,140.7,-0.14,3.03,-0.51,19,139.1353912,35.72905897,-29835.093,-63137.77,139.6257384,35.2563324,-30190.131,-62846.986,5.8,-
,-1,40.3,40,17.4,1.2,1.0465,1.0302,505.24,497.36,ÉXÉM,ê∂óßñÿ,,,,,,,126.6,-0.35,5.81,0.44,17,139.135393,35.72908405,-29832.312,-63137.59,139.6257385,35.2563325,-30187.349,-62846.805,5.4,-
,-1,14.2,14,10.7,3.7,0.0901,0.0867,43.53,41.87,ÉXÉM,ê∂óßñÿ,,,,,,,44.6,3.14,9.22,3.81,14,139.1354363,35.72911025,-29829.433,-63133.654,139.6257386,35.2563326,-30184.47,-62842.87,2.9,-
,-1,22.4,22,15.4,2.9,0.2996,0.2888,144.67,139.44,ÉXÉM,ê∂óßñÿ,,,,,,,70.3,2.03,5.88,1.55,13,139.1354192,35.7290818,-29832.578,-63135.222,139.6257387,35.2563327,-30187.616,-62844.438,3.8,-
,-1,30.5,30,13.1,2,0.4516,0.4354,218.05,210.22,ÉXÉM,ê∂óßñÿ,,,,,,,95.8,-10.91,-25.92,-4.49,99,139.1352306,35.72881326,-29862.25,-63152.496,139.6257388,35.2563328,-30217.288,-62861.712,4.6,-
,-1,37,38,11,3,0.5886,0.6186,284.2,298.64,ÉXÉM,ê∂óßñÿ,,,,,,,116.2,-11.69,-29.57,-2.52,100,139.1352167,35.72878162,-29865.752,-63153.779,139.6257389,35.2563329,-30220.789,-62862.995,5.2,-
,-1,24.7,24,14.8,2.4,0.3442,0.3259,166.21,157.35,ÉXÉM,ê∂óßñÿ,,,,,,,77.5,4.59,7.79,3.99,10,139.13545,35.72909575,-29831.05,-63132.421,139.625739,35.256333,-30186.088,-62841.637,4,-
,-1,32.7,32,11.4,3.4,0.477,0.4572,230.3,220.76,ÉXÉM,ê∂óßñÿ,,,,,,,102.7,-1.21,-25.9,2.35,102,139.1353369,35.72880182,-29863.587,-63142.884,139.6257391,35.2563331,-30218.625,-62852.099,4.8,-
,-1,44.8,44,12.1,0,0.7679,0.7461,370.76,360.2,ÉXÉM,ê∂óßñÿ,,,,,,,140.7,0.62,-28.27,4.88,104,139.1353535,35.7287784,-29866.197,-63141.403,139.6257392,35.2563332,-30221.234,-62850.619,5.8,-
,-1,32.5,32,15.4,2.1,0.6182,0.5985,298.49,288.94,ÉXÉM,ê∂óßñÿ,,,,,,,102.1,1.71,-20.41,2.43,105,139.1353769,35.72884734,-29858.563,-63139.229,139.6257393,35.2563333,-30213.601,-62848.445,4.8,-
,-1,25.8,26,13.9,2.7,0.3513,0.3547,169.64,171.27,ÉXÉM,ê∂óßñÿ,,,,,,,81,5.51,6.34,3.76,8,139.135458,35.72908174,-29832.61,-63131.713,139.6257394,35.2563334,-30187.647,-62840.929,4.1,-
,-1,16.7,16,13.5,4.5,0.1534,0.1403,74.05,67.76,ÉXÉM,ê∂óßñÿ,,,,,,,52.4,4.48,5.33,2.65,7,139.1354452,35.72907393,-29833.468,-63132.876,139.6257395,35.2563335,-30188.506,-62842.092,3.2,-
,-1,33.4,34,14.3,1.7,0.6106,0.6301,294.79,304.22,ÉXÉM,ê∂óßñÿ,,,,,,,104.9,7.7,6.04,4.96,5,139.1354815,35.72907637,-29833.22,-63129.588,139.6257396,35.2563336,-30188.258,-62838.803,4.8,-
,-1,28.5,28,15.9,0.8,0.4826,0.4659,233.01,224.94,ÉXÉM,ê∂óßñÿ,,,,,,,89.5,5.36,3.55,2.71,4,139.1354523,35.72905697,-29835.354,-63132.249,139.6257397,35.2563337,-30190.392,-62841.465,4.4,-
,-1,32.6,32,16.5,1,0.6621,0.6366,319.68,307.34,ÉXÉM,ê∂óßñÿ,,,,,,,102.4,4.83,1.13,1.97,3,139.1354428,35.72903603,-29837.671,-63133.118,139.6257398,35.2563338,-30192.709,-62842.334,4.8,-
,-1,30.7,30,10.2,1.3,0.3533,0.3383,170.57,163.35,ÉXÉM,ê∂óßñÿ,,,,,,,96.4,-24.27,-24.86,-14.92,115,139.1350859,35.72883878,-29859.325,-63165.57,139.6257399,35.2563339,-30214.363,-62874.785,4.6,-
,-1,29.1,30,13.4,1.8,0.4219,0.4455,203.68,215.07,ÉXÉM,ê∂óßñÿ,,,,,,,91.4,9.79,1.25,4.75,2,139.1354974,35.72903108,-29838.255,-63128.19,139.62574,35.256334,-30193.293,-62837.405,4.5,-
,-1,47.1,48,18.3,4.6,1.3024,1.338,628.8,645.97,ÉXÉM,ê∂óßñÿ,,,,,,,147.9,-20.86,-27.09,-10.45,117,139.1351199,35.72881475,-29862.013,-63162.51,139.6257401,35.2563341,-30217.051,-62871.726,6,-
,-1,35.4,36,22.1,0.5,1.0114,1.0396,488.29,501.91,ÉXÉM,ê∂óßñÿ,,,,,,,111.2,-18.61,-26.37,-9.96,118,139.1351456,35.72881849,-29861.615,-63160.176,139.6257402,35.2563342,-30216.653,-62869.392,5,-
,-1,20.2,20,10,4.1,0.1609,0.1567,77.69,75.65,ÉXÉM,ê∂óßñÿ,,,,,,,63.4,-6.03,-30.06,0.42,130,139.135278,35.72877041,-29867.034,-63148.244,139.6257403,35.2563343,-30222.072,-62857.461,3.6,-
,-1,25.7,26,14.8,4.6,0.3724,0.3779,179.8,182.46,ÉXÉM,ê∂óßñÿ,,,,,,,80.7,-3.51,-26.2,0.77,134,139.1353113,35.72880186,-29863.566,-63145.207,139.6257404,35.2563344,-30218.604,-62854.423,4.1,-
,-1,40.1,40,17.7,3.2,1.0531,1.046,508.45,505.02,ÉXÉM,ê∂óßñÿ,,,,,,,125.9,-16.06,12.11,-4.34,137,139.1352302,35.72915916,-29823.874,-63152.262,139.6257405,35.2563345,-30178.911,-62861.478,5.4,-
,-1,48.1,48,18.6,0,1.3696,1.3616,661.23,657.36,ÉXÉM,ê∂óßñÿ,,,,,,,151.1,-10.47,-24.13,-4.7,62,139.1352381,35.72882872,-29860.54,-63151.802,139.6257406,35.2563346,-30215.577,-62861.018,6.1,-
,-1,26.5,26,17.1,3,0.4545,0.4371,219.42,211.06,ÉXÉM,ê∂óßñÿ,,,,,,,83.2,6.95,0.03,3.04,1,139.1354645,35.7290236,-29839.064,-63131.169,139.6257407,35.2563347,-30194.102,-62840.385,4.2,-
,-1,34,34,19.8,1.4,0.8479,0.8431,409.35,407.06,ÉXÉM,ê∂óßñÿ,,,,,,,106.8,-26.02,11.5,-8.71,140,139.1351201,35.72916569,-29823.078,-63162.209,139.6257408,35.2563348,-30178.116,-62871.425,4.9,-
,-1,41.6,42,19.5,1.4,1.1417,1.157,551.2,558.58,ÉXÉM,ê∂óßñÿ,,,,,,,130.6,-29.35,10.13,-10.6,141,139.1350817,35.72915742,-29823.971,-63165.697,139.6257409,35.2563349,-30179.009,-62874.913,5.5,-
,-1,29.4,30,23.4,0.9,0.7561,0.7814,365.06,377.28,ÉXÉM,ê∂óßñÿ,,,,,,,92.3,-0.33,-6.49,-1.88,70,139.1353751,35.72897409,-29844.499,-63139.297,139.625741,35.256335,-30199.537,-62848.513,4.5,-
,-1,45.6,46,24.6,0.5,1.695,1.7181,818.33,829.48,ÉXÉM,ê∂óßñÿ,,,,,,,143.2,-28.6,0.51,-15.91,143,139.1350757,35.72907061,-29833.598,-63166.304,139.6257411,35.2563351,-30188.636,-62875.52,5.9,-
,-1,39.7,40,27.4,1,1.5278,1.5466,737.59,746.66,ÉXÉM,ê∂óßñÿ,,,,,,,124.7,-31.57,2.84,-15.99,144,139.1350466,35.72909496,-29830.878,-63168.915,139.6257412,35.2563352,-30185.916,-62878.131,5.4,-
,-1,40.9,40,24.3,1.7,1.4556,1.389,702.73,670.6,ÉXÉM,ê∂óßñÿ,,,,,,,128.4,-30.98,-4.75,-18.38,146,139.1350419,35.72902648,-29838.473,-63169.396,139.6257413,35.2563353,-30193.511,-62878.612,5.5,-
,-1,30.4,30,25.9,0.4,0.8879,0.8656,428.67,417.93,ÉXÉM,ê∂óßñÿ,,,,,,,95.5,-31.56,-6.98,-19.02,147,139.1350323,35.72900728,-29840.597,-63170.282,139.6257414,35.2563354,-30195.635,-62879.498,4.6,-
,-1,37.7,38,27.3,1.3,1.376,1.3952,664.3,673.59,ÉXÉM,ê∂óßñÿ,,,,,,,118.4,-34.56,-9.27,-20.97,148,139.134996,35.72899038,-29842.448,-63173.574,139.6257415,35.2563355,-30197.486,-62882.79,5.2,-
,-1,52.2,52,24.6,1.5,2.1096,2.0905,1018.47,1009.25,ÉXÉM,ê∂óßñÿ,,,,,,,163.9,-35.76,-13.99,-22.02,149,139.134976,35.72894965,-29846.954,-63175.422,139.6257416,35.2563356,-30201.992,-62884.638,6.4,-
,-1,41.8,42,21.4,0.1,1.2725,1.2786,614.37,617.31,ÉXÉM,ê∂óßñÿ,,,,,,,131.3,-32.41,-15.65,-20.37,150,139.1350102,35.72893085,-29849.061,-63172.338,139.6257417,35.2563357,-30204.1,-62881.554,5.6,-
,-1,22.9,22,22.6,0.2,0.4603,0.4251,222.24,205.27,ÉXÉM,ê∂óßñÿ,,,,,,,71.9,-29.61,-20.46,-18.98,152,139.1350338,35.72888448,-29854.221,-63170.246,139.6257418,35.2563358,-30209.26,-62879.461,3.8,-
,-1,23.4,24,20.3,1.6,0.4282,0.4482,206.76,216.38,ÉXÉM,ê∂óßñÿ,,,,,,,73.5,-27.55,-24,-17.34,154,139.1350512,35.72885043,-29858.011,-63168.697,139.6257419,35.2563359,-30213.049,-62877.913,3.9,-
,-1,34.7,34,16.7,4.6,0.7572,0.724,365.56,349.53,ÉXÉM,ê∂óßñÿ,,,,,,,109,-23.34,-25.99,-13.43,156,139.1350944,35.72882752,-29860.58,-63164.809,139.625742,35.256336,-30215.618,-62874.025,5,-
,-1,38.5,38,18,1.4,0.9897,0.9611,477.8,464.02,ÉXÉM,ê∂óßñÿ,,,,,,,120.9,-23.16,13.12,-6.82,163,139.135154,35.72917674,-29821.874,-63159.142,139.6257421,35.2563361,-30176.912,-62868.357,5.3,-
,-1,41.4,42,17.6,1.9,1.0158,1.0362,490.41,500.27,ÉXÉM,ê∂óßñÿ,,,,,,,130,2.2,-16,1.56,73,139.1353889,35.72888613,-29854.267,-63138.117,139.6257422,35.2563362,-30209.305,-62847.332,5.5,-
,-1,37.3,38,18.7,1.3,0.964,0.9945,465.41,480.13,ÉXÉM,ê∂óßñÿ,,,,,,,117.1,-31.09,-16.96,-19.6,170,139.1350227,35.72891749,-29850.552,-63171.22,139.6257423,35.2563363,-30205.59,-62880.436,5.2,-
,-1,32.2,32,23.6,1.5,0.8923,0.8769,430.82,423.35,ÉXÉM,ê∂óßñÿ,,,,,,,101.1,-28.53,-16.72,-18.48,171,139.1350511,35.72891663,-29850.666,-63168.65,139.6257424,35.2563364,-30205.704,-62877.866,4.7,-
,-1,44.6,44,20,1.5,1.3116,1.2808,633.21,618.35,ÉXÉM,ê∂óßñÿ,,,,,,,140.1,-26.7,15.03,-6.74,180,139.1351179,35.72919798,-29819.494,-63162.388,139.6257425,35.2563365,-30174.532,-62871.604,5.8,-
,-1,27.4,28,17.8,2.2,0.5028,0.5221,242.78,252.05,ÉXÉM,ê∂óßñÿ,,,,,,,86,-23.07,11.49,-7.76,187,139.1351525,35.72916206,-29823.502,-63159.281,139.6257426,35.2563366,-30178.54,-62868.497,4.3,-
,-1,24.3,24,23.2,1.9,0.5286,0.5127,255.22,247.56,ÉXÉM,ê∂óßñÿ,,,,,,,76.3,-33.34,0.73,-17.71,202,139.1350241,35.72907827,-29832.715,-63170.967,139.6257427,35.2563367,-30187.753,-62880.183,4,-
